{
  "ents_f": 89.2671963409,
  "ents_p": 89.4258685047,
  "ents_per_type": {
    "LOC": {
      "f": 91.8320209974,
      "p": 91.4002089864,
      "r": 92.2679324895
    },
    "MISC": {
      "f": 78.4571966134,
      "p": 81.2289711351,
      "r": 75.8683427059
    },
    "ORG": {
      "f": 82.5692290015,
      "p": 85.0212967345,
      "r": 80.2546348001
    },
    "PER": {
      "f": 90.8619246862,
      "p": 90.1078838174,
      "r": 91.6286919831
    }
  },
  "ents_r": 89.1090862575,
  "las": 85.169613546,
  "las_per_type": {
    "acl": {
      "f": 56.8888888889,
      "p": 58.1818181818,
      "r": 55.652173913
    },
    "acl:relcl": {
      "f": 63.9269406393,
      "p": 63.0630630631,
      "r": 64.8148148148
    },
    "advcl": {
      "f": 56.0975609756,
      "p": 51.1111111111,
      "r": 62.1621621622
    },
    "advmod": {
      "f": 79.7720797721,
      "p": 79.3201133144,
      "r": 80.229226361
    },
    "amod": {
      "f": 89.5705521472,
      "p": 90.1234567901,
      "r": 89.0243902439
    },
    "appos": {
      "f": 62.1468926554,
      "p": 58.8235294118,
      "r": 65.8682634731
    },
    "aux": {
      "f": 91.2,
      "p": 93.4426229508,
      "r": 89.0625
    },
    "aux:pass": {
      "f": 98.5074626866,
      "p": 98.5074626866,
      "r": 98.5074626866
    },
    "case": {
      "f": 97.8900255754,
      "p": 97.8274760383,
      "r": 97.9526551504
    },
    "cc": {
      "f": 88.9370932755,
      "p": 89.1304347826,
      "r": 88.7445887446
    },
    "ccomp": {
      "f": 66.0377358491,
      "p": 64.8148148148,
      "r": 67.3076923077
    },
    "compound": {
      "f": 60.0,
      "p": 100.0,
      "r": 42.8571428571
    },
    "conj": {
      "f": 63.9691714836,
      "p": 64.84375,
      "r": 63.1178707224
    },
    "cop": {
      "f": 88.7372013652,
      "p": 84.9673202614,
      "r": 92.8571428571
    },
    "csubj": {
      "f": 37.5,
      "p": 37.5,
      "r": 37.5
    },
    "dep": {
      "f": 0.0,
      "p": 0.0,
      "r": 0.0
    },
    "det": {
      "f": 96.4718853363,
      "p": 96.5783664459,
      "r": 96.3656387665
    },
    "discourse": {
      "f": 0.0,
      "p": 0.0,
      "r": 0.0
    },
    "expl": {
      "f": 83.3333333333,
      "p": 71.4285714286,
      "r": 100.0
    },
    "fixed": {
      "f": 78.9473684211,
      "p": 83.3333333333,
      "r": 75.0
    },
    "flat": {
      "f": 100.0,
      "p": 100.0,
      "r": 100.0
    },
    "flat:foreign": {
      "f": 66.6666666667,
      "p": 100.0,
      "r": 50.0
    },
    "flat:name": {
      "f": 90.9407665505,
      "p": 88.1756756757,
      "r": 93.8848920863
    },
    "iobj": {
      "f": 21.4285714286,
      "p": 50.0,
      "r": 13.6363636364
    },
    "mark": {
      "f": 85.5769230769,
      "p": 88.1188118812,
      "r": 83.1775700935
    },
    "nmod": {
      "f": 81.5876515987,
      "p": 80.8743169399,
      "r": 82.3136818687
    },
    "nsubj": {
      "f": 85.6890459364,
      "p": 86.917562724,
      "r": 84.4947735192
    },
    "nsubj:pass": {
      "f": 88.8888888889,
      "p": 87.2727272727,
      "r": 90.5660377358
    },
    "nummod": {
      "f": 95.8199356913,
      "p": 96.1290322581,
      "r": 95.5128205128
    },
    "obj": {
      "f": 82.7586206897,
      "p": 85.3658536585,
      "r": 80.3059273423
    },
    "obl": {
      "f": 67.5324675325,
      "p": 65.503875969,
      "r": 69.6907216495
    },
    "obl:agent": {
      "f": 81.8181818182,
      "p": 75.0,
      "r": 90.0
    },
    "orphan": {
      "f": 0.0,
      "p": 0.0,
      "r": 0.0
    },
    "parataxis": {
      "f": 42.1052631579,
      "p": 51.8518518519,
      "r": 35.4430379747
    },
    "root": {
      "f": 89.7045658013,
      "p": 89.9461400359,
      "r": 89.4642857143
    },
    "vocative": {
      "f": 0.0,
      "p": 0.0,
      "r": 0.0
    },
    "xcomp": {
      "f": 78.9915966387,
      "p": 84.6846846847,
      "r": 74.0157480315
    }
  },
  "tags_acc": 93.5335216293,
  "token_acc": 99.8811881188,
  "uas": 89.2933248863
}